{
  "law_retrieval": {
    "total": 146,
    "strict": {
      "hit@1": 0.2191780821917808,
      "hit@3": 0.4520547945205479,
      "hit@5": 0.5958904109589042,
      "precision@5": 0.1397260273972601,
      "recall@5": 0.28321917808219177,
      "f2@5": 0.228267041710038
    }
  }
}